,Complete,Fragmented,Missing,Total,Complete_BUSCO_perc
F_chrysotus,966,6,6,978,0.9877300613496932
F_olivaceous,961,9,8,978,0.9826175869120655
F_zebrinus,964,6,8,978,0.9856850715746421
F_sciadicus,961,8,9,978,0.9826175869120655
F_rathbuni,969,2,7,978,0.99079754601227
F_diaphanus,966,5,7,978,0.9877300613496932
L_goodei,964,9,5,978,0.9856850715746421
F_notti,955,11,12,978,0.976482617586912
