assembly,n_seqs,smallest,largest,n_bases,mean_len,n_under_200,n_over_1k,n_over_10k,n_with_orf,mean_orf_percent,n90,n70,n50,n30,n10,gc,bases_n,proportion_n,CRBB_hits,n_contigs_with_CRBB,p_contigs_with_CRBB,rbh_per_reference,n_refs_with_CRBB,p_refs_with_CRBB,cov25,p_cov25,cov50,p_cov50,cov75,p_cov75,cov85,p_cov85,cov95,p_cov95,reference_coverage,score,optimal_score,cutoff,weighted
/pylon5/bi5fpmp/ljcohen/kfish_trinity/F_olivaceous.trinity_out.Trinity.fasta,296801,176,33490,358020368,1206.23933,38,92174,1065,70836,41.5289,396,1468,2819,4433,7389,0.46045,0,0.0,116192,116192,0.39148,2.82225,27711,0.67309,11704,0.28428000000000003,9138,0.22196,6386,0.15511,5211,0.12657000000000002,3744,0.09094,0.20903000000000002,,,,
/pylon5/bi5fpmp/ljcohen/kfish_trinity/F_zebrinus.trinity_out.Trinity.fasta,230099,182,27277,267118784,1160.86886,21,72567,517,60619,45.14509,386,1379,2582,4025,6681,0.46208999999999995,0,0.0,99582,99582,0.43278,2.4188,25760,0.6257,10564,0.25659,8133,0.19755,5647,0.13716,4580,0.11125,3199,0.0777,0.18598,,,,
/pylon5/bi5fpmp/ljcohen/kfish_trinity/F_sciadicus.trinity_out.Trinity.fasta,199646,184,25884,243535078,1219.82004,15,64451,623,54007,44.78127,404,1506,2787,4317,7240,0.46629,0,0.0,85181,85181,0.42666000000000004,2.06901,25543,0.62043,10594,0.25732,8260,0.20063,5828,0.14156,4718,0.1146,3316,0.08054,0.18916,,,,
/pylon5/bi5fpmp/ljcohen/kfish_trinity/F_notti.trinity_out.Trinity.fasta,131628,182,27001,159730981,1213.49136,8,43735,347,39296,47.95473,412,1458,2642,4106,6868,0.46897,0,0.0,62883,62883,0.47773000000000004,1.5274,22717,0.55179,9152,0.2223,7031,0.17078,4982,0.12100999999999999,4073,0.09892999999999999,2840,0.06898,0.16334,,,,
